{
  "best_iteration": 2,
  "best_score": 1.058564922436565,
  "class_weights": {
    "-1": 1.0,
    "0": 3.358974358974359,
    "1": 1.0536193029490617
  },
  "classes": {
    "-1": 0,
    "0": 1,
    "1": 2
  },
  "feature_importance": {
    "adx_14": 7.193857669830322,
    "atr_10": 19.226938247680664,
    "atr_5": 22.344078063964844,
    "body_ratio": 5.391785144805908,
    "distance_to_sma_10": 11.037322044372559,
    "distance_to_sma_5": 14.410428047180176,
    "efficiency_ratio_10": 10.3118314743042,
    "efficiency_ratio_50": 9.432036399841309,
    "log_return_1": 9.41623592376709,
    "parkinson_volatility_10": 15.350499153137207,
    "range_ratio": 6.817090034484863,
    "return_3": 0.6401348114013672,
    "return_5": 7.739866733551025,
    "return_autocorr_10": 5.358761310577393,
    "return_autocorr_3": 6.14085578918457,
    "return_autocorr_5": 5.9666924476623535,
    "rolling_volatility_10": 7.279963970184326,
    "rolling_volatility_5": 7.26029109954834,
    "session_london": 10.501956939697266,
    "session_new_york": 13.711495399475098,
    "upper_wick_ratio": 10.840462684631348,
    "variance_ratio_hurst_proxy": 12.546733856201172,
    "volume_percentile_20": 6.404628753662109,
    "volume_zscore_20": 7.240856170654297
  },
  "feature_names": [
    "return_1",
    "return_3",
    "return_5",
    "log_return_1",
    "momentum_3",
    "momentum_5",
    "rolling_volatility_5",
    "rolling_volatility_10",
    "atr_5",
    "atr_10",
    "parkinson_volatility_10",
    "range_ratio",
    "body_ratio",
    "upper_wick_ratio",
    "lower_wick_ratio",
    "distance_to_sma_5",
    "distance_to_sma_10",
    "efficiency_ratio_10",
    "efficiency_ratio_50",
    "return_autocorr_10",
    "return_autocorr_3",
    "return_autocorr_5",
    "variance_ratio_hurst_proxy",
    "volume_zscore_20",
    "volume_percentile_20",
    "atr_regime_percentile",
    "adx_14",
    "trend_regime_flag",
    "high_volatility_regime_flag",
    "low_volatility_regime_flag",
    "session_asia",
    "session_london",
    "session_new_york",
    "cross_momentum_agreement",
    "usd_strength_index",
    "currency_strength_rank"
  ],
  "num_boost_round": 80,
  "probability_calibration": {
    "class_temperatures": {},
    "comparison": {
      "applied_matches_best": false,
      "applied_method": "global_temperature",
      "best_method": "classwise_temperature",
      "best_validation_log_loss": 0.9964130611654292,
      "configured_method": "global_temperature",
      "validation_log_loss_by_method": {
        "classwise_temperature": 0.9964130611654292,
        "global_temperature": 1.052307446375514,
        "uncalibrated": 1.0585649185294856
      }
    },
    "enabled": true,
    "method": "global_temperature",
    "temperature": 0.8,
    "validation_log_loss_after": 1.052307446375514,
    "validation_log_loss_before": 1.0585649185294856
  }
}