{
  "best_iteration": 3,
  "best_score": 1.0561496053828674,
  "class_weights": {
    "-1": 1.0,
    "0": 3.358974358974359,
    "1": 1.0536193029490617
  },
  "classes": {
    "-1": 0,
    "0": 1,
    "1": 2
  },
  "feature_importance": {
    "atr_10": 13.04224681854248,
    "atr_5": 28.163663864135742,
    "atr_regime_percentile": 16.889339447021484,
    "body_ratio": 8.545039176940918,
    "distance_to_sma_10": 10.159236907958984,
    "distance_to_sma_5": 16.68128776550293,
    "efficiency_ratio_10": 7.78181791305542,
    "efficiency_ratio_50": 7.066962718963623,
    "lower_wick_ratio": 7.8571624755859375,
    "parkinson_volatility_10": 14.936996459960938,
    "range_ratio": 6.38367223739624,
    "return_1": 6.657145023345947,
    "return_3": 5.663097858428955,
    "return_5": 9.350359916687012,
    "return_autocorr_10": 7.1569695472717285,
    "return_autocorr_3": 10.646355628967285,
    "return_autocorr_5": 9.614810943603516,
    "rolling_volatility_10": 7.986995220184326,
    "rolling_volatility_5": 7.094978332519531,
    "session_asia": 4.08390998840332,
    "session_london": 13.255857467651367,
    "session_new_york": 15.820446968078613,
    "upper_wick_ratio": 7.887495517730713,
    "usd_strength_index": 5.179368019104004,
    "variance_ratio_hurst_proxy": 10.856228828430176,
    "volume_zscore_20": 8.58581829071045
  },
  "feature_names": [
    "return_1",
    "return_3",
    "return_5",
    "log_return_1",
    "momentum_3",
    "momentum_5",
    "rolling_volatility_5",
    "rolling_volatility_10",
    "atr_5",
    "atr_10",
    "parkinson_volatility_10",
    "range_ratio",
    "body_ratio",
    "upper_wick_ratio",
    "lower_wick_ratio",
    "distance_to_sma_5",
    "distance_to_sma_10",
    "efficiency_ratio_10",
    "efficiency_ratio_50",
    "return_autocorr_10",
    "return_autocorr_3",
    "return_autocorr_5",
    "variance_ratio_hurst_proxy",
    "volume_zscore_20",
    "volume_percentile_20",
    "atr_regime_percentile",
    "session_asia",
    "session_london",
    "session_new_york",
    "cross_momentum_agreement",
    "usd_strength_index",
    "currency_strength_rank"
  ],
  "num_boost_round": 80,
  "probability_calibration": {
    "class_temperatures": {},
    "comparison": {
      "applied_matches_best": false,
      "applied_method": "global_temperature",
      "best_method": "classwise_temperature",
      "best_validation_log_loss": 0.9957420574279583,
      "configured_method": "global_temperature",
      "validation_log_loss_by_method": {
        "classwise_temperature": 0.9957420574279583,
        "global_temperature": 1.049961894186365,
        "uncalibrated": 1.0561496035176086
      }
    },
    "enabled": true,
    "method": "global_temperature",
    "temperature": 0.8,
    "validation_log_loss_after": 1.049961894186365,
    "validation_log_loss_before": 1.0561496035176086
  }
}