{"learner":{"attributes":{"best_iteration":"2","best_score":"1.058564922436565"},"feature_names":["return_1","return_3","return_5","log_return_1","momentum_3","momentum_5","rolling_volatility_5","rolling_volatility_10","atr_5","atr_10","parkinson_volatility_10","range_ratio","body_ratio","upper_wick_ratio","lower_wick_ratio","distance_to_sma_5","distance_to_sma_10","efficiency_ratio_10","efficiency_ratio_50","return_autocorr_10","return_autocorr_3","return_autocorr_5","variance_ratio_hurst_proxy","volume_zscore_20","volume_percentile_20","atr_regime_percentile","adx_14","trend_regime_flag","high_volatility_regime_flag","low_volatility_regime_flag","session_asia","session_london","session_new_york","cross_momentum_agreement","usd_strength_index","currency_strength_rank"],"feature_types":[],"gradient_booster":{"model":{"cats":{"enc":[],"feature_segments":[],"sorted_idx":[]},"gbtree_model_param":{"num_parallel_tree":"1","num_trees":"9"},"iteration_indptr":[0,3,6,9],"tree_info":[0,1,2,0,1,2,0,1,2],"trees":[{"base_weights":[1.3317474E-2,-3.0995563E-2,8.185319E-1,7.8302905E-2,-3.1611013E-1,1.2444423E0,2.2449186E-1,1.1193644E0,3.4057822E-2,-3.7089533E-1,9.299984E-2,1.0823418E-1,3.424138E-2,9.1265626E-2,-2.9760402E-1,-1.9117884E-3,1.07398584E-1,5.2205548E-2,-2.5583112E-3,-3.9741773E-2,2.0443418E-3,-5.0320357E-2,3.185207E-2],"categories":[],"categories_nodes":[],"categories_segments":[],"categories_sizes":[],"default_left":[0,0,0,0,0,0,0,0,0,0,0,0,0,0,0,0,0,0,0,0,0,0,0],"id":0,"left_children":[1,3,5,7,9,11,13,15,17,19,-1,-1,-1,-1,21,-1,-1,-1,-1,-1,-1,-1,-1],"loss_changes":[1.7010845E1,1.4115327E1,6.0122223E0,1.50546255E1,1.0597441E1,6.842022E-1,5.8910575E0,3.4314518E0,1.2900603E1,6.08972E0,0E0,0E0,0E0,0E0,2.137764E0,0E0,0E0,0E0,0E0,0E0,0E0,0E0,0E0],"parents":[2147483647,0,0,1,1,2,2,3,3,4,4,5,5,6,6,7,7,8,8,9,9,14,14],"right_children":[2,4,6,8,10,12,14,16,18,20,-1,-1,-1,-1,22,-1,-1,-1,-1,-1,-1,-1,-1],"split_conditions":[1.1541853E-3,4.60684E1,2.9500398E-1,5.264025E-1,1.6765874E-3,2.9309803E-1,1.0769231E-1,1.21212125E-1,3.108108E-2,1.049365E-1,9.299984E-2,1.0823418E-1,3.424138E-2,9.1265626E-2,7.432563E-1,-1.9117884E-3,1.07398584E-1,5.2205548E-2,-2.5583112E-3,-3.9741773E-2,2.0443418E-3,-5.0320357E-2,3.185207E-2],"split_indices":[15,26,21,22,6,19,13,17,18,20,0,0,0,0,22,0,0,0,0,0,0,0,0],"split_type":[0,0,0,0,0,0,0,0,0,0,0,0,0,0,0,0,0,0,0,0,0,0,0],"sum_hessian":[4.7503036E2,4.511632E2,2.3867174E1,3.2666266E2,1.24500534E2,1.3263051E1,1.0604124E1,1.2326561E1,3.143361E2,1.20774765E2,3.725772E0,1.1127335E1,2.135716E0,3.4187722E0,7.185352E0,2.1586225E0,1.0167938E1,2.9466425E1,2.848697E2,9.147687E1,2.9297897E1,4.932062E0,2.2532897E0],"tree_param":{"num_deleted":"0","num_feature":"36","num_nodes":"23","size_leaf_vector":"1"}},{"base_weights":[2.87145E-2,5.1838464E-1,-2.3570287E-1,6.0911846E-1,-4.7557744E-1,-3.0815402E-1,3.643606E-1,-4.7034815E-1,6.7070407E-1,1.563514E-2,-4.9706094E-2,-1.5028613E-2,-4.892215E-1,1.1778309E0,-1.0314324E-1,-4.5581665E-2,-9.174331E-3,5.9269387E-2,-2.461746E-2,-5.2546863E-2,1.7256884E-2,-4.144682E-2,7.353328E-2,1.1935643E-1,2.582622E-2,1.0847658E-1,-3.236799E-2],"categories":[],"categories_nodes":[],"categories_segments":[],"categories_sizes":[],"default_left":[0,0,0,0,0,0,0,0,0,0,0,0,0,0,0,0,0,0,0,0,0,0,0,0,0,0,0],"id":1,"left_children":[1,3,5,7,9,11,13,15,17,-1,-1,19,21,23,25,-1,-1,-1,-1,-1,-1,-1,-1,-1,-1,-1,-1],"loss_changes":[5.521475E1,1.3773586E1,1.2154395E1,9.452686E0,1.3994913E0,1.3138866E1,1.1644042E1,2.1776426E-1,9.182465E0,0E0,0E0,1.4300633E1,6.6990585E0,2.5098429E0,9.416236E0,0E0,0E0,0E0,0E0,0E0,0E0,0E0,0E0,0E0,0E0,0E0,0E0],"parents":[2147483647,0,0,1,1,2,2,3,3,4,4,5,5,6,6,7,7,8,8,11,11,12,12,13,13,14,14],"right_children":[2,4,6,8,10,12,14,16,18,-1,-1,20,22,24,26,-1,-1,-1,-1,-1,-1,-1,-1,-1,-1,-1,-1],"split_conditions":[6.9906993E-4,1E0,7.241379E-1,8.637394E-5,2.486275E-4,-2.1810915E-1,-5.7046145E-1,2.2544018E-5,8.100567E-4,1.563514E-2,-4.9706094E-2,-1.6511187E-4,3.8315648E-1,9.5349655E-4,-1.8323859E-3,-4.5581665E-2,-9.174331E-3,5.9269387E-2,-2.461746E-2,-5.2546863E-2,1.7256884E-2,-4.144682E-2,7.353328E-2,1.1935643E-1,2.582622E-2,1.0847658E-1,-3.236799E-2],"split_indices":[8,32,17,6,7,19,20,2,11,0,0,15,18,9,3,0,0,0,0,0,0,0,0,0,0,0,0],"split_type":[0,0,0,0,0,0,0,0,0,0,0,0,0,0,0,0,0,0,0,0,0,0,0,0,0,0,0],"sum_hessian":[4.2449982E2,1.4851216E2,2.7598767E2,1.3644405E2,1.2068115E1,2.466891E2,2.9298561E1,7.006013E0,1.2943803E2,2.0926726E0,9.975443E0,9.4610176E1,1.5207893E2,1.013827E1,1.916029E1,5.0049696E0,2.0010433E0,1.2100358E2,8.43445E0,2.4530745E1,7.007943E1,1.4964424E2,2.434689E0,6.869482E0,3.2687883E0,2.6818194E0,1.647847E1],"tree_param":{"num_deleted":"0","num_feature":"36","num_nodes":"27","size_leaf_vector":"1"}},{"base_weights":[-2.3001485E-2,-3.8224673E-1,1.382816E-1,-4.2008656E-1,3.2436484E-1,-1.4509468E-1,2.927978E-1,-5.1385796E-1,-1.7256036E-1,7.1253926E-2,-3.4323838E-2,-4.540065E-3,-6.8668807E-1,-1.3813472E-1,4.1340438E-1,-6.9347983E-3,-4.82973E-2,-2.4652082E-2,6.533941E-2,2.191852E-2,-3.190433E-2,-6.303243E-2,1.1601394E-2,-4.6624493E-2,1.7748082E-2,4.9942806E-2,7.511035E-3],"categories":[],"categories_nodes":[],"categories_segments":[],"categories_sizes":[],"default_left":[0,0,0,0,0,0,0,0,0,0,0,0,0,0,0,0,0,0,0,0,0,0,0,0,0,0,0],"id":2,"left_children":[1,3,5,7,9,11,13,15,17,-1,-1,19,21,23,25,-1,-1,-1,-1,-1,-1,-1,-1,-1,-1,-1,-1],"loss_changes":[3.0184061E1,4.4517155E0,1.5789868E1,3.4771996E0,4.1231303E0,9.7082E0,1.2170483E1,4.2051125E0,6.1156497E0,0E0,0E0,1.1342258E1,2.3265457E0,8.407665E0,1.222835E1,0E0,0E0,0E0,0E0,0E0,0E0,0E0,0E0,0E0,0E0,0E0,0E0],"parents":[2147483647,0,0,1,1,2,2,3,3,4,4,5,5,6,6,7,7,8,8,11,11,12,12,13,13,14,14],"right_children":[2,4,6,8,10,12,14,16,18,-1,-1,20,22,24,26,-1,-1,-1,-1,-1,-1,-1,-1,-1,-1,-1,-1],"split_conditions":[6.7136827E-4,8.482592E-4,1.3868614E-1,4.6749294E1,4.8888335E-4,1.8082642E-3,7.1422535E-1,1E-1,4.2263512E-4,7.1253926E-2,-3.4323838E-2,1.0118473E0,3.2296145E-1,-3.9001215E-1,1.0788418E0,-6.9347983E-3,-4.82973E-2,-2.4652082E-2,6.533941E-2,2.191852E-2,-3.190433E-2,-6.303243E-2,1.1601394E-2,-4.6624493E-2,1.7748082E-2,4.9942806E-2,7.511035E-3],"split_indices":[8,11,13,26,16,2,22,24,16,0,0,22,19,19,22,0,0,0,0,0,0,0,0,0,0,0,0],"split_type":[0,0,0,0,0,0,0,0,0,0,0,0,0,0,0,0,0,0,0,0,0,0,0,0,0,0,0],"sum_hessian":[5.1903986E2,1.6039738E2,3.586425E2,1.5262941E2,7.7679834E0,1.26573296E2,2.3206918E2,1.0991419E2,4.2715218E1,4.330637E0,3.4373467E0,1.01293846E2,2.5279451E1,5.0715435E1,1.8135374E2,1.944418E1,9.047001E1,3.8172E1,4.543214E0,5.953873E1,4.175511E1,2.2583708E1,2.695743E0,2.2412045E1,2.8303389E1,1.08674675E2,7.267908E1],"tree_param":{"num_deleted":"0","num_feature":"36","num_nodes":"27","size_leaf_vector":"1"}},{"base_weights":[-2.0786908E-2,-6.930523E-2,7.708814E-1,4.3505365E-3,-4.3208885E-1,-4.3726146E-2,9.283428E-1,-3.0760678E-2,1.125234E0,4.74056E-2,-4.896314E-1,1.2060897E0,3.428534E-1,9.051125E-3,-2.0220675E-2,2.4406893E-2,1.00599915E-1,-5.1765732E-2,-2.112044E-2,1.03419065E-1,3.2952957E-2,-4.4297133E-2,6.2164605E-2],"categories":[],"categories_nodes":[],"categories_segments":[],"categories_sizes":[],"default_left":[0,0,0,0,0,0,0,0,0,0,0,0,0,0,0,0,0,0,0,0,0,0,0],"id":3,"left_children":[1,3,5,7,9,-1,11,13,15,-1,17,19,21,-1,-1,-1,-1,-1,-1,-1,-1,-1,-1],"loss_changes":[1.9643885E1,1.2867948E1,6.6344585E0,1.5825057E1,5.081912E0,0E0,3.9369488E0,1.2487695E1,9.411936E-1,0E0,2.5820217E0,6.8880653E-1,4.325091E0,0E0,0E0,0E0,0E0,0E0,0E0,0E0,0E0,0E0,0E0],"parents":[2147483647,0,0,1,1,2,2,3,3,4,4,6,6,7,7,8,8,10,10,11,11,12,12],"right_children":[2,4,6,8,10,-1,12,14,16,-1,18,20,22,-1,-1,-1,-1,-1,-1,-1,-1,-1,-1],"split_conditions":[1.1541853E-3,5.9731543E-1,1.4545454E-1,1.5437121E0,1.07391264E-4,-4.3726146E-2,3.189398E-1,3.4983112E1,2.6984128E-1,4.74056E-2,-3.001259E-6,2.9766765E-1,3.8970217E-1,9.051125E-3,-2.0220675E-2,2.4406893E-2,1.00599915E-1,-5.1765732E-2,-2.112044E-2,1.03419065E-1,3.2952957E-2,-4.4297133E-2,6.2164605E-2],"split_indices":[15,17,12,22,6,0,21,26,12,0,15,20,21,0,0,0,0,0,0,0,0,0,0],