{
  "best_iteration": 8,
  "best_score": 0.9885688335919867,
  "class_weights": {
    "-1": 1.0,
    "0": 5.0,
    "1": 1.2438356164383562
  },
  "classes": {
    "-1": 0,
    "0": 1,
    "1": 2
  },
  "feature_importance": {
    "adx_14": 9.103052139282227,
    "atr_10": 13.897974014282227,
    "atr_5": 10.975152015686035,
    "atr_regime_percentile": 7.858641147613525,
    "body_ratio": 11.322589874267578,
    "distance_to_sma_10": 10.380475997924805,
    "distance_to_sma_5": 9.419846534729004,
    "efficiency_ratio_10": 11.444478988647461,
    "efficiency_ratio_50": 10.57975959777832,
    "high_volatility_regime_flag": 4.352285861968994,
    "log_return_1": 0.6604161262512207,
    "lower_wick_ratio": 9.12110424041748,
    "momentum_5": 10.856415748596191,
    "parkinson_volatility_10": 15.839584350585938,
    "range_ratio": 15.253252029418945,
    "return_1": 5.78869104385376,
    "return_3": 12.807519912719727,
    "return_5": 8.043176651000977,
    "return_autocorr_10": 10.136787414550781,
    "return_autocorr_3": 11.717389106750488,
    "return_autocorr_5": 8.39101505279541,
    "rolling_volatility_10": 10.226737022399902,
    "rolling_volatility_5": 10.005792617797852,
    "session_london": 4.389352321624756,
    "session_new_york": 7.73736572265625,
    "upper_wick_ratio": 6.341377258300781,
    "usd_strength_index": 9.530559539794922,
    "variance_ratio_hurst_proxy": 12.025395393371582,
    "volume_percentile_20": 6.139923572540283,
    "volume_zscore_20": 8.356017112731934
  },
  "feature_names": [
    "return_1",
    "return_3",
    "return_5",
    "log_return_1",
    "momentum_3",
    "momentum_5",
    "rolling_volatility_5",
    "rolling_volatility_10",
    "atr_5",
    "atr_10",
    "parkinson_volatility_10",
    "range_ratio",
    "body_ratio",
    "upper_wick_ratio",
    "lower_wick_ratio",
    "distance_to_sma_5",
    "distance_to_sma_10",
    "efficiency_ratio_10",
    "efficiency_ratio_50",
    "return_autocorr_10",
    "return_autocorr_3",
    "return_autocorr_5",
    "variance_ratio_hurst_proxy",
    "volume_zscore_20",
    "volume_percentile_20",
    "atr_regime_percentile",
    "adx_14",
    "trend_regime_flag",
    "high_volatility_regime_flag",
    "low_volatility_regime_flag",
    "session_asia",
    "session_london",
    "session_new_york",
    "cross_momentum_agreement",
    "usd_strength_index",
    "currency_strength_rank"
  ],
  "num_boost_round": 80,
  "probability_calibration": {
    "class_temperatures": {},
    "comparison": {
      "applied_matches_best": false,
      "applied_method": "global_temperature",
      "best_method": "classwise_temperature",
      "best_validation_log_loss": 0.9338682447798885,
      "configured_method": "global_temperature",
      "validation_log_loss_by_method": {
        "classwise_temperature": 0.9338682447798885,
        "global_temperature": 0.9735475493752798,
        "uncalibrated": 0.9885688339839166
      }
    },
    "enabled": true,
    "method": "global_temperature",
    "temperature": 0.8,
    "validation_log_loss_after": 0.9735475493752798,
    "validation_log_loss_before": 0.9885688339839166
  }
}