{
  "best_iteration": 4,
  "best_score": 0.9873835328890352,
  "class_weights": {
    "-1": 1.0,
    "0": 5.0,
    "1": 1.2438356164383562
  },
  "classes": {
    "-1": 0,
    "0": 1,
    "1": 2
  },
  "feature_importance": {
    "atr_10": 18.077510833740234,
    "atr_5": 11.475509643554688,
    "atr_regime_percentile": 17.192277908325195,
    "body_ratio": 4.296812534332275,
    "distance_to_sma_10": 12.752325057983398,
    "distance_to_sma_5": 9.967236518859863,
    "efficiency_ratio_10": 11.596407890319824,
    "efficiency_ratio_50": 11.875877380371094,
    "lower_wick_ratio": 7.8047776222229,
    "parkinson_volatility_10": 16.728897094726562,
    "range_ratio": 22.165834426879883,
    "return_1": 10.028711318969727,
    "return_3": 17.978090286254883,
    "return_5": 10.58090591430664,
    "return_autocorr_10": 10.835223197937012,
    "return_autocorr_3": 13.259882926940918,
    "return_autocorr_5": 7.313195705413818,
    "rolling_volatility_10": 11.944514274597168,
    "rolling_volatility_5": 8.669677734375,
    "session_new_york": 5.992818355560303,
    "upper_wick_ratio": 3.6866073608398438,
    "usd_strength_index": 9.097336769104004,
    "variance_ratio_hurst_proxy": 11.392494201660156,
    "volume_percentile_20": 9.45112419128418,
    "volume_zscore_20": 6.605198860168457
  },
  "feature_names": [
    "return_1",
    "return_3",
    "return_5",
    "log_return_1",
    "momentum_3",
    "momentum_5",
    "rolling_volatility_5",
    "rolling_volatility_10",
    "atr_5",
    "atr_10",
    "parkinson_volatility_10",
    "range_ratio",
    "body_ratio",
    "upper_wick_ratio",
    "lower_wick_ratio",
    "distance_to_sma_5",
    "distance_to_sma_10",
    "efficiency_ratio_10",
    "efficiency_ratio_50",
    "return_autocorr_10",
    "return_autocorr_3",
    "return_autocorr_5",
    "variance_ratio_hurst_proxy",
    "volume_zscore_20",
    "volume_percentile_20",
    "atr_regime_percentile",
    "session_asia",
    "session_london",
    "session_new_york",
    "cross_momentum_agreement",
    "usd_strength_index",
    "currency_strength_rank"
  ],
  "num_boost_round": 80,
  "probability_calibration": {
    "class_temperatures": {},
    "comparison": {
      "applied_matches_best": false,
      "applied_method": "global_temperature",
      "best_method": "classwise_temperature",
      "best_validation_log_loss": 0.9301057998401914,
      "configured_method": "global_temperature",
      "validation_log_loss_by_method": {
        "classwise_temperature": 0.9301057998401914,
        "global_temperature": 0.9691220162551148,
        "uncalibrated": 0.9873835322739988
      }
    },
    "enabled": true,
    "method": "global_temperature",
    "temperature": 0.8,
    "validation_log_loss_after": 0.9691220162551148,
    "validation_log_loss_before": 0.9873835322739988
  }
}