{
  "best_iteration": 8,
  "best_score": 1.06581092489009,
  "class_weights": {
    "-1": 1.0,
    "0": 3.4741379310344827,
    "1": 1.1071428571428572
  },
  "classes": {
    "-1": 0,
    "0": 1,
    "1": 2
  },
  "feature_importance": {
    "atr_10": 4.298320293426514,
    "atr_5": 11.291800498962402,
    "atr_regime_percentile": 10.715213775634766,
    "body_ratio": 9.111461639404297,
    "cross_momentum_agreement": 5.203866004943848,
    "distance_to_sma_10": 7.661690711975098,
    "distance_to_sma_5": 5.255042552947998,
    "efficiency_ratio_10": 7.61415433883667,
    "efficiency_ratio_50": 7.718181133270264,
    "log_return_1": 6.512617588043213,
    "lower_wick_ratio": 5.842348098754883,
    "momentum_3": 10.030455589294434,
    "momentum_5": 11.30368423461914,
    "parkinson_volatility_10": 14.841148376464844,
    "range_ratio": 13.085325241088867,
    "return_1": 7.2730488777160645,
    "return_3": 7.424185752868652,
    "return_5": 6.256072044372559,
    "return_autocorr_10": 11.125897407531738,
    "return_autocorr_3": 6.780540943145752,
    "return_autocorr_5": 7.751303672790527,
    "rolling_volatility_10": 8.58576488494873,
    "rolling_volatility_5": 6.265179634094238,
    "session_london": 6.4794697761535645,
    "session_new_york": 20.123737335205078,
    "upper_wick_ratio": 5.143421649932861,
    "usd_strength_index": 7.927560329437256,
    "variance_ratio_hurst_proxy": 9.952729225158691,
    "volume_percentile_20": 5.403998374938965,
    "volume_zscore_20": 9.352444648742676
  },
  "feature_names": [
    "return_1",
    "return_3",
    "return_5",
    "log_return_1",
    "momentum_3",
    "momentum_5",
    "rolling_volatility_5",
    "rolling_volatility_10",
    "atr_5",
    "atr_10",
    "parkinson_volatility_10",
    "range_ratio",
    "body_ratio",
    "upper_wick_ratio",
    "lower_wick_ratio",
    "distance_to_sma_5",
    "distance_to_sma_10",
    "efficiency_ratio_10",
    "efficiency_ratio_50",
    "return_autocorr_10",
    "return_autocorr_3",
    "return_autocorr_5",
    "variance_ratio_hurst_proxy",
    "volume_zscore_20",
    "volume_percentile_20",
    "atr_regime_percentile",
    "session_asia",
    "session_london",
    "session_new_york",
    "cross_momentum_agreement",
    "usd_strength_index",
    "currency_strength_rank"
  ],
  "num_boost_round": 80,
  "probability_calibration": {
    "class_temperatures": {},
    "comparison": {
      "applied_matches_best": false,
      "applied_method": "global_temperature",
      "best_method": "classwise_temperature",
      "best_validation_log_loss": 1.0133651738839138,
      "configured_method": "global_temperature",
      "validation_log_loss_by_method": {
        "classwise_temperature": 1.0133651738839138,
        "global_temperature": 1.0625343617041498,
        "uncalibrated": 1.0658109262465871
      }
    },
    "enabled": true,
    "method": "global_temperature",
    "temperature": 0.8,
    "validation_log_loss_after": 1.0625343617041498,
    "validation_log_loss_before": 1.0658109262465871
  }
}