{
  "best_iteration": 5,
  "best_score": 1.0790079422548515,
  "class_weights": {
    "-1": 1.0,
    "0": 3.4741379310344827,
    "1": 1.1071428571428572
  },
  "classes": {
    "-1": 0,
    "0": 1,
    "1": 2
  },
  "feature_importance": {
    "adx_14": 11.565282821655273,
    "atr_10": 7.611310005187988,
    "atr_5": 4.130809783935547,
    "atr_regime_percentile": 8.23512077331543,
    "body_ratio": 8.092713356018066,
    "cross_momentum_agreement": 6.184750556945801,
    "distance_to_sma_10": 10.246418952941895,
    "distance_to_sma_5": 6.214625835418701,
    "efficiency_ratio_10": 7.044929027557373,
    "efficiency_ratio_50": 8.091190338134766,
    "log_return_1": 3.5808064937591553,
    "lower_wick_ratio": 7.174245357513428,
    "parkinson_volatility_10": 14.927655220031738,
    "range_ratio": 16.793737411499023,
    "return_1": 9.657651901245117,
    "return_3": 9.45018482208252,
    "return_5": 9.49201488494873,
    "return_autocorr_10": 12.522208213806152,
    "return_autocorr_3": 10.502500534057617,
    "return_autocorr_5": 9.541403770446777,
    "rolling_volatility_10": 10.126375198364258,
    "rolling_volatility_5": 7.60265588760376,
    "session_london": 1.1019692420959473,
    "session_new_york": 23.738645553588867,
    "upper_wick_ratio": 6.376082897186279,
    "usd_strength_index": 4.55293083190918,
    "variance_ratio_hurst_proxy": 10.95134449005127,
    "volume_percentile_20": 12.39820384979248,
    "volume_zscore_20": 10.58060073852539
  },
  "feature_names": [
    "return_1",
    "return_3",
    "return_5",
    "log_return_1",
    "momentum_3",
    "momentum_5",
    "rolling_volatility_5",
    "rolling_volatility_10",
    "atr_5",
    "atr_10",
    "parkinson_volatility_10",
    "range_ratio",
    "body_ratio",
    "upper_wick_ratio",
    "lower_wick_ratio",
    "distance_to_sma_5",
    "distance_to_sma_10",
    "efficiency_ratio_10",
    "efficiency_ratio_50",
    "return_autocorr_10",
    "return_autocorr_3",
    "return_autocorr_5",
    "variance_ratio_hurst_proxy",
    "volume_zscore_20",
    "volume_percentile_20",
    "atr_regime_percentile",
    "adx_14",
    "trend_regime_flag",
    "high_volatility_regime_flag",
    "low_volatility_regime_flag",
    "session_asia",
    "session_london",
    "session_new_york",
    "cross_momentum_agreement",
    "usd_strength_index",
    "currency_strength_rank"
  ],
  "num_boost_round": 80,
  "probability_calibration": {
    "class_temperatures": {},
    "comparison": {
      "applied_matches_best": false,
      "applied_method": "global_temperature",
      "best_method": "classwise_temperature",
      "best_validation_log_loss": 1.022393416899203,
      "configured_method": "global_temperature",
      "validation_log_loss_by_method": {
        "classwise_temperature": 1.022393416899203,
        "global_temperature": 1.0764711409101364,
        "uncalibrated": 1.0790079430500954
      }
    },
    "enabled": true,
    "method": "global_temperature",
    "temperature": 0.8,
    "validation_log_loss_after": 1.0764711409101364,
    "validation_log_loss_before": 1.0790079430500954
  }
}